TradeID,TradeDate,ValueDate,TradeTime,TraderID,Counterparty,CurrencyPair,BuySell,DealtCurrency,BaseCurrency,TermCurrency,NotionalAmount,FXRate,TradeStatus,ProductType,MaturityDate,SettlementDate,Portfolio,RegulatoryReportingStatus,TradeComplianceStatus,KYCCheck,SanctionsScreening,ExceptionFlag,ExceptionNotes,event_type
FX0001,05/11/2024,5/16/2024,14:07:18,TDR446,HSBC,EUR/USD,Sell,USD,EUR,USD,500000,97.9964,Cancelled,Forward,53:00.1,7/22/2025,PORT3,Filed,Passed,Pending,Pending Review,Yes,Rate mismatch,
FX0002,5/24/2025,5/26/2025,11:06:26,TDR983,Citi,USD/CHF,Sell,CHF,USD,CHF,1500000,44.76,Cancelled,Spot,,5/26/2026,PORT3,Required,Failed,Complete,Clear,No,Counterparty mismatch,
FX0003,5/19/2025,5/22/2025,23:57:16,TDR347,Citi,USD/JPY,Buy,USD,USD,JPY,2000000,115.5779,Settled,Forward,53:00.1,5/22/2025,PORT1,Filed,Passed,Pending,Clear,Yes,Missing documentation,
FX0004,06/03/2025,06/05/2025,20:25:10,TDR264,JPMorgan,USD/JPY,Buy,USD,USD,JPY,1000000,112.8647,Cancelled,Spot,,06/05/2025,PORT1,Required,Failed,Pending,Flagged,No,Rate mismatch,
FX0005,5/28/2025,06/02/2025,23:34:44,TDR180,HSBC,USD/INR,Buy,USD,USD,INR,1500000,126.6499,Cancelled,Swap,53:00.1,06/02/2025,PORT2,Required,Passed,Incomplete,Flagged,Yes,Late booking,
FX0006,5/15/2025,5/17/2025,02:03:02,TDR604,Citi,EUR/USD,Buy,EUR,EUR,USD,1500000,38.3641,Cancelled,Spot,,5/17/2025,PORT5,Required,Pending,Incomplete,Clear,Yes,Late booking,
FX0007,5/13/2025,5/14/2025,01:48:44,TDR994,HSBC,USD/INR,Sell,INR,USD,INR,500000,131.6948,Settled,Forward,53:00.1,5/14/2025,PORT5,Not required,Passed,Complete,Flagged,No,Late booking,
FX0008,5/15/2025,5/18/2025,23:53:24,TDR997,Citi,USD/CHF,Sell,CHF,USD,CHF,1000000,21.9091,Cancelled,Spot,,5/18/2025,PORT4,Not required,Pending,Complete,Clear,Yes,Counterparty mismatch,
FX0009,06/06/2025,06/11/2025,21:05:03,TDR662,Deutsche,GBP/USD,Buy,GBP,GBP,USD,1000000,146.0822,Cancelled,Swap,53:00.1,06/11/2025,PORT4,Not required,Passed,Complete,Clear,No,,
FX0010,5/28/2025,5/30/2025,01:55:39,TDR798,BNP Paribas,USD/CHF,Buy,USD,USD,CHF,1000000,101.4759,Settled,Swap,53:00.1,5/30/2025,PORT1,Required,Failed,Complete,Pending Review,No,Late booking,
FX0011,5/30/2025,06/01/2025,21:56:17,TDR109,Deutsche,USD/INR,Buy,USD,USD,INR,1000000,56.4446,Booked,Spot,,06/01/2025,PORT4,Not required,Pending,Complete,Clear,Yes,Rate mismatch,
FX0012,5/16/2025,5/19/2025,13:25:00,TDR564,Citi,USD/INR,Sell,INR,USD,INR,1500000,130.0914,Confirmed,Forward,53:00.1,5/19/2025,PORT4,Required,Passed,Complete,Clear,Yes,Late booking,
FX0013,5/17/2025,5/19/2025,23:34:24,TDR634,Citi,AUD/USD,Sell,USD,AUD,USD,500000,159.3792,Booked,Spot,,5/19/2025,PORT5,Not required,Failed,Complete,Flagged,No,,
FX0014,06/08/2025,06/09/2025,03:19:24,TDR994,Deutsche,GBP/USD,Sell,USD,GBP,USD,1000000,147.5993,Confirmed,Forward,53:00.1,06/09/2025,PORT2,Filed,Passed,Incomplete,Clear,No,Missing documentation,
FX0015,06/02/2025,06/06/2025,17:54:05,TDR373,Citi,AUD/USD,Buy,AUD,AUD,USD,1000000,61.4994,Settled,Spot,,06/06/2025,PORT1,Filed,Pending,Complete,Clear,Yes,Missing documentation,
FX0016,5/18/2025,5/22/2025,04:46:14,TDR821,JPMorgan,USD/INR,Buy,USD,USD,INR,1000000,130.4641,Booked,Forward,53:00.1,5/22/2025,PORT2,Not required,Pending,Pending,Pending Review,Yes,Counterparty mismatch,
FX0017,06/03/2025,06/07/2025,20:18:45,TDR137,BNP Paribas,USD/CHF,Sell,CHF,USD,CHF,1500000,140.5233,Cancelled,Spot,,06/07/2025,PORT3,Not required,Failed,Incomplete,Clear,Yes,Rate mismatch,
FX0018,5/15/2025,5/16/2025,13:45:48,TDR603,BNP Paribas,USD/INR,Buy,USD,USD,INR,2000000,98.5252,Cancelled,Swap,53:00.1,5/16/2025,PORT4,Filed,Failed,Incomplete,Clear,Yes,Rate mismatch,
FX0019,5/25/2025,5/28/2025,00:56:26,TDR113,Citi,USD/JPY,Sell,JPY,USD,JPY,500000,97.584,Booked,Swap,53:00.1,5/28/2025,PORT3,Filed,Pending,Incomplete,Pending Review,No,Rate mismatch,
FX0020,5/29/2025,06/03/2025,10:33:57,TDR894,JPMorgan,GBP/USD,Buy,GBP,GBP,USD,2000000,82.3857,Booked,Swap,53:00.1,06/03/2025,PORT3,Not required,Passed,Incomplete,Flagged,Yes,Late booking,
FX0021,5/15/2025,5/16/2025,10:05:00,TDR937,Deutsche,USD/CHF,Buy,USD,USD,CHF,1500000,105.3439,Booked,Forward,53:00.1,5/16/2025,PORT3,Not required,Passed,Complete,Clear,No,,
FX0022,06/02/2025,06/07/2025,15:10:41,TDR319,Deutsche,GBP/USD,Buy,GBP,GBP,USD,1000000,141.8921,Cancelled,Spot,,06/07/2025,PORT3,Required,Passed,Pending,Flagged,No,Counterparty mismatch,
FX0023,5/14/2025,5/16/2025,05:33:36,TDR567,JPMorgan,AUD/USD,Sell,USD,AUD,USD,1500000,3.6996,Cancelled,Swap,53:00.1,5/16/2025,PORT5,Not required,Failed,Incomplete,Pending Review,Yes,Rate mismatch,
FX0024,5/20/2025,5/21/2025,19:07:07,TDR785,JPMorgan,USD/JPY,Buy,USD,USD,JPY,500000,95.1377,Confirmed,Spot,,5/21/2025,PORT5,Not required,Failed,Complete,Pending Review,Yes,Rate mismatch,
FX0025,5/23/2025,5/26/2025,18:23:30,TDR679,Citi,GBP/USD,Sell,USD,GBP,USD,1500000,19.7948,Settled,Forward,53:00.1,5/26/2025,PORT4,Not required,Passed,Incomplete,Flagged,No,Late booking,
FX0026,5/30/2025,5/31/2025,08:26:02,TDR834,BNP Paribas,AUD/USD,Buy,AUD,AUD,USD,2000000,108.8821,Cancelled,Forward,53:00.1,5/31/2025,PORT3,Filed,Failed,Complete,Pending Review,Yes,Missing documentation,
FX0027,5/31/2025,06/03/2025,01:40:31,TDR447,Deutsche,EUR/USD,Buy,EUR,EUR,USD,500000,78.2592,Confirmed,Spot,,06/03/2025,PORT5,Required,Failed,Complete,Pending Review,No,Rate mismatch,
FX0028,5/19/2025,5/24/2025,22:17:34,TDR204,Citi,EUR/USD,Buy,EUR,EUR,USD,500000,111.3476,Confirmed,Forward,53:00.1,5/24/2025,PORT1,Required,Failed,Incomplete,Clear,Yes,Late booking,
FX0029,5/25/2025,5/27/2025,17:48:46,TDR450,HSBC,USD/CHF,Buy,USD,USD,CHF,1000000,119.5391,Cancelled,Swap,53:00.1,5/27/2025,PORT4,Required,Pending,Incomplete,Flagged,Yes,Counterparty mismatch,
FX0030,05/09/2025,5/13/2025,15:08:29,TDR424,JPMorgan,AUD/USD,Sell,USD,AUD,USD,500000,5.1123,Booked,Forward,53:00.1,5/13/2025,PORT1,Not required,Pending,Pending,Flagged,No,Late booking,
FX0031,06/06/2025,06/07/2025,13:57:16,TDR727,Citi,USD/INR,Sell,INR,USD,INR,2000000,39.1513,Booked,Forward,53:00.1,06/07/2025,PORT1,Required,Failed,Pending,Clear,Yes,,
FX0032,5/28/2025,5/29/2025,23:28:16,TDR141,Citi,USD/CHF,Sell,CHF,USD,CHF,500000,23.3811,Settled,Spot,,5/29/2025,PORT3,Not required,Pending,Complete,Flagged,No,Counterparty mismatch,
FX0033,5/22/2025,5/25/2025,19:21:12,TDR523,Deutsche,AUD/USD,Buy,AUD,AUD,USD,500000,115.2744,Confirmed,Forward,53:00.1,5/25/2025,PORT5,Not required,Failed,Incomplete,Clear,Yes,Late booking,
FX0034,5/19/2025,5/24/2025,04:01:40,TDR807,Deutsche,USD/JPY,Buy,USD,USD,JPY,2000000,102.2079,Booked,Spot,,5/24/2025,PORT4,Filed,Failed,Pending,Clear,No,Counterparty mismatch,
FX0035,06/02/2025,06/03/2025,07:12:02,TDR774,HSBC,USD/CHF,Sell,CHF,USD,CHF,2000000,17.2176,Cancelled,Swap,53:00.1,06/03/2025,PORT4,Not required,Passed,Incomplete,Pending Review,No,Missing documentation,
FX0036,5/13/2025,5/17/2025,13:41:51,TDR681,JPMorgan,USD/JPY,Sell,JPY,USD,JPY,500000,112.2961,Confirmed,Swap,53:00.1,5/17/2025,PORT3,Not required,Pending,Complete,Clear,No,Missing documentation,
FX0037,5/18/2025,5/21/2025,11:25:09,TDR758,Citi,AUD/USD,Buy,AUD,AUD,USD,1000000,11.976,Booked,Swap,53:00.1,5/21/2025,PORT5,Filed,Pending,Pending,Pending Review,No,Missing documentation,
FX0038,5/31/2025,06/05/2025,08:20:38,TDR298,Deutsche,USD/CHF,Sell,CHF,USD,CHF,500000,115.3583,Settled,Forward,53:00.1,06/05/2025,PORT2,Required,Failed,Pending,Pending Review,Yes,Missing documentation,
FX0039,06/03/2025,06/05/2025,04:27:04,TDR876,BNP Paribas,GBP/USD,Sell,USD,GBP,USD,1500000,75.5059,Cancelled,Swap,53:00.1,06/05/2025,PORT2,Not required,Pending,Pending,Flagged,No,Missing documentation,
FX0040,06/03/2025,06/06/2025,11:27:09,TDR272,Citi,USD/INR,Buy,USD,USD,INR,1500000,134.1461,Confirmed,Swap,53:00.1,06/06/2025,PORT2,Not required,Passed,Pending,Clear,No,Late booking,
FX0041,5/26/2025,5/29/2025,11:41:19,TDR271,HSBC,GBP/USD,Buy,GBP,GBP,USD,500000,116.6563,Confirmed,Swap,53:00.1,5/29/2025,PORT1,Filed,Failed,Incomplete,Clear,Yes,Missing documentation,
FX0042,06/07/2025,06/08/2025,01:25:52,TDR489,HSBC,USD/JPY,Buy,USD,USD,JPY,2000000,2.9091,Booked,Swap,53:00.1,06/08/2025,PORT4,Required,Passed,Incomplete,Pending Review,Yes,Rate mismatch,
FX0043,5/21/2025,5/24/2025,13:33:48,TDR163,Citi,AUD/USD,Sell,USD,AUD,USD,2000000,89.5294,Booked,Swap,53:00.1,5/24/2025,PORT1,Required,Passed,Incomplete,Flagged,No,Counterparty mismatch,
FX0044,5/17/2025,5/22/2025,02:18:41,TDR171,JPMorgan,USD/CHF,Buy,USD,USD,CHF,1500000,147.3497,Confirmed,Spot,,5/22/2025,PORT3,Not required,Pending,Complete,Clear,Yes,,
FX0045,5/15/2025,5/17/2025,12:05:41,TDR743,JPMorgan,USD/CHF,Buy,USD,USD,CHF,2000000,19.9876,Settled,Forward,53:00.1,5/17/2025,PORT4,Not required,Passed,Complete,Flagged,Yes,Missing documentation,
FX0046,5/18/2025,5/23/2025,17:06:34,TDR426,Citi,USD/CHF,Sell,CHF,USD,CHF,1500000,116.6401,Booked,Forward,53:00.1,5/23/2025,PORT3,Not required,Passed,Pending,Flagged,Yes,Missing documentation,
FX0047,5/18/2025,5/19/2025,16:22:19,TDR799,Citi,USD/INR,Buy,USD,USD,INR,1500000,25.3173,Booked,Spot,,5/19/2025,PORT5,Filed,Passed,Pending,Pending Review,No,Rate mismatch,
FX0048,05/10/2025,5/15/2025,11:47:39,TDR932,Deutsche,EUR/USD,Buy,EUR,EUR,USD,2000000,21.2284,Booked,Spot,,5/15/2025,PORT4,Not required,Passed,Incomplete,Clear,Yes,Counterparty mismatch,
FX0049,05/09/2025,05/10/2025,23:54:52,TDR220,Citi,EUR/USD,Buy,EUR,EUR,USD,1000000,136.0871,Cancelled,Forward,53:00.1,05/10/2025,PORT1,Required,Passed,Incomplete,Pending Review,Yes,Missing documentation,
FX0050,5/23/2025,5/26/2025,05:03:45,TDR320,HSBC,USD/CHF,Sell,CHF,USD,CHF,1000000,153.4955,Confirmed,Forward,53:00.1,5/26/2025,PORT5,Filed,Failed,Incomplete,Flagged,No,,
FX0051,06/01/2025,06/05/2025,14:36:40,TDR845,Citi,USD/CHF,Buy,USD,USD,CHF,1500000,84.8079,Booked,Spot,,06/05/2025,PORT3,Required,Failed,Complete,Clear,No,Missing documentation,
FX0052,5/24/2025,5/28/2025,09:44:31,TDR394,JPMorgan,GBP/USD,Buy,GBP,GBP,USD,1000000,17.0315,Settled,Spot,,5/28/2025,PORT4,Filed,Passed,Complete,Clear,Yes,,
FX0053,06/02/2025,06/04/2025,09:02:07,TDR912,JPMorgan,EUR/USD,Buy,EUR,EUR,USD,2000000,89.9847,Booked,Spot,,06/04/2025,PORT5,Not required,Pending,Incomplete,Clear,Yes,Counterparty mismatch,
FX0054,05/10/2025,05/11/2025,23:54:33,TDR798,JPMorgan,GBP/USD,Buy,GBP,GBP,USD,2000000,45.8454,Settled,Forward,53:00.1,05/11/2025,PORT1,Required,Pending,Pending,Pending Review,Yes,Rate mismatch,
FX0055,06/01/2025,06/05/2025,23:53:36,TDR891,Citi,GBP/USD,Buy,GBP,GBP,USD,1000000,116.6117,Booked,Swap,53:00.1,06/05/2025,PORT3,Required,Pending,Complete,Flagged,Yes,Late booking,
FX0056,5/19/2025,5/20/2025,10:08:29,TDR414,Citi,EUR/USD,Buy,EUR,EUR,USD,2000000,53.2805,Booked,Swap,53:00.1,5/20/2025,PORT5,Not required,Pending,Incomplete,Flagged,Yes,Counterparty mismatch,
FX0057,5/22/2025,5/26/2025,22:44:08,TDR877,Deutsche,EUR/USD,Sell,USD,EUR,USD,2000000,49.4537,Cancelled,Swap,53:00.1,5/26/2025,PORT4,Filed,Pending,Complete,Pending Review,Yes,Rate mismatch,
FX0058,5/21/2025,5/24/2025,17:03:08,TDR118,Citi,USD/INR,Sell,INR,USD,INR,1500000,81.5353,Confirmed,Spot,,5/24/2025,PORT4,Filed,Failed,Incomplete,Pending Review,Yes,Rate mismatch,
FX0059,05/10/2025,5/14/2025,21:49:41,TDR438,Citi,USD/INR,Buy,USD,USD,INR,1500000,73.4698,Cancelled,Swap,53:00.1,5/14/2025,PORT4,Filed,Pending,Pending,Clear,No,Counterparty mismatch,
FX0060,5/19/2025,5/20/2025,05:12:01,TDR246,Deutsche,USD/INR,Sell,INR,USD,INR,1000000,4.0424,Settled,Spot,,5/20/2025,PORT2,Filed,Pending,Incomplete,Pending Review,No,,
FX0061,06/02/2025,06/03/2025,08:57:18,TDR229,Deutsche,GBP/USD,Buy,GBP,GBP,USD,1000000,158.3944,Settled,Forward,53:00.1,06/03/2025,PORT2,Filed,Pending,Incomplete,Clear,No,Late booking,
FX0062,06/07/2025,06/10/2025,15:44:10,TDR671,BNP Paribas,USD/CHF,Sell,CHF,USD,CHF,2000000,156.4896,Confirmed,Swap,53:00.1,06/10/2025,PORT5,Required,Failed,Pending,Pending Review,Yes,,
FX0063,05/11/2025,5/15/2025,07:12:22,TDR841,Deutsche,AUD/USD,Sell,USD,AUD,USD,2000000,63.0746,Booked,Forward,53:00.1,5/15/2025,PORT2,Not required,Passed,Complete,Clear,Yes,Counterparty mismatch,
FX0064,06/04/2025,06/05/2025,21:44:15,TDR810,BNP Paribas,AUD/USD,Sell,USD,AUD,USD,1000000,150.7824,Confirmed,Spot,,06/05/2025,PORT4,Required,Failed,Complete,Flagged,No,Late booking,
FX0065,06/04/2025,06/05/2025,11:29:24,TDR958,HSBC,USD/INR,Sell,INR,USD,INR,2000000,124.2887,Booked,Forward,53:00.1,06/05/2025,PORT4,Filed,Passed,Pending,Clear,Yes,Rate mismatch,
FX0066,5/30/2025,06/04/2025,11:25:35,TDR946,Citi,AUD/USD,Buy,AUD,AUD,USD,500000,51.649,Confirmed,Spot,,06/04/2025,PORT4,Not required,Pending,Incomplete,Flagged,No,Late booking,
FX0067,06/01/2025,06/03/2025,09:00:10,TDR847,Citi,USD/INR,Buy,USD,USD,INR,2000000,87.5146,Settled,Forward,53:00.1,06/03/2025,PORT2,Required,Passed,Complete,Flagged,Yes,Late booking,
FX0068,5/21/2025,5/24/2025,02:08:27,TDR622,Deutsche,GBP/USD,Sell,USD,GBP,USD,2000000,19.7588,Confirmed,Forward,53:00.1,5/24/2025,PORT1,Filed,Passed,Complete,Clear,No,Missing documentation,
FX0069,06/01/2025,06/05/2025,04:08:03,TDR356,BNP Paribas,USD/JPY,Sell,JPY,USD,JPY,2000000,57.5299,Cancelled,Swap,53:00.1,06/05/2025,PORT1,Filed,Pending,Complete,Flagged,No,Missing documentation,
FX0070,06/05/2025,06/08/2025,11:52:42,TDR185,Citi,USD/CHF,Buy,USD,USD,CHF,1000000,150.3306,Confirmed,Forward,53:00.1,06/08/2025,PORT3,Filed,Failed,Incomplete,Flagged,Yes,Late booking,
FX0071,05/11/2025,05/12/2025,18:41:17,TDR712,BNP Paribas,GBP/USD,Buy,GBP,GBP,USD,1500000,92.7998,Booked,Forward,53:00.1,05/12/2025,PORT2,Required,Failed,Pending,Pending Review,No,Late booking,
FX0072,05/12/2025,5/14/2025,11:30:13,TDR578,Citi,USD/INR,Sell,INR,USD,INR,500000,110.9082,Booked,Forward,53:00.1,5/14/2025,PORT2,Filed,Pending,Pending,Pending Review,No,,
FX0073,5/21/2025,5/24/2025,08:54:50,TDR405,Citi,AUD/USD,Buy,AUD,AUD,USD,1500000,139.4693,Settled,Spot,,5/24/2025,PORT3,Not required,Passed,Incomplete,Pending Review,Yes,Missing documentation,
FX0074,5/30/2025,06/04/2025,14:12:53,TDR190,Citi,USD/JPY,Buy,USD,USD,JPY,500000,46.8037,Settled,Forward,53:00.1,06/04/2025,PORT4,Not required,Failed,Incomplete,Flagged,No,Rate mismatch,
FX0075,5/26/2025,5/31/2025,02:18:23,TDR331,Citi,USD/JPY,Buy,USD,USD,JPY,1000000,85.7296,Settled,Forward,53:00.1,5/31/2025,PORT2,Filed,Failed,Incomplete,Flagged,No,Rate mismatch,
FX0076,5/22/2025,5/24/2025,23:50:44,TDR821,Deutsche,EUR/USD,Buy,EUR,EUR,USD,1500000,13.302,Cancelled,Forward,53:00.1,5/24/2025,PORT3,Not required,Passed,Complete,Clear,No,Missing documentation,
FX0077,5/13/2025,5/15/2025,07:06:46,TDR246,BNP Paribas,USD/JPY,Buy,USD,USD,JPY,1000000,33.0626,Settled,Spot,,5/15/2025,PORT3,Required,Failed,Pending,Clear,No,Late booking,
FX0078,5/13/2025,5/17/2025,07:16:35,TDR175,HSBC,EUR/USD,Buy,EUR,EUR,USD,1500000,77.7073,Settled,Forward,53:00.1,5/17/2025,PORT5,Required,Pending,Complete,Flagged,Yes,Late booking,
FX0079,5/14/2025,5/17/2025,19:14:25,TDR654,Citi,AUD/USD,Buy,AUD,AUD,USD,500000,43.2461,Booked,Spot,,5/17/2025,PORT3,Not required,Pending,Incomplete,Flagged,Yes,Rate mismatch,
FX0080,5/30/2025,06/01/2025,02:34:52,TDR826,Deutsche,USD/CHF,Buy,USD,USD,CHF,2000000,142.01,Cancelled,Forward,53:00.1,06/01/2025,PORT4,Required,Pending,Complete,Pending Review,Yes,Missing documentation,
FX0081,05/09/2025,5/13/2025,14:50:05,TDR323,BNP Paribas,GBP/USD,Sell,USD,GBP,USD,1500000,57.0562,Confirmed,Spot,,5/13/2025,PORT5,Filed,Passed,Pending,Flagged,Yes,Missing documentation,
FX0082,5/30/2025,06/02/2025,11:17:16,TDR303,JPMorgan,EUR/USD,Sell,USD,EUR,USD,2000000,133.9628,Settled,Forward,53:00.1,06/02/2025,PORT4,Not required,Passed,Complete,Clear,Yes,Counterparty mismatch,
FX0083,05/11/2025,5/16/2025,13:52:52,TDR581,Deutsche,USD/CHF,Buy,USD,USD,CHF,500000,103.1647,Cancelled,Forward,53:00.1,5/16/2025,PORT2,Not required,Pending,Complete,Clear,Yes,,
FX0084,5/15/2025,5/20/2025,04:39:34,TDR349,Citi,USD/CHF,Buy,USD,USD,CHF,500000,157.7341,Confirmed,Forward,53:00.1,5/20/2025,PORT5,Required,Failed,Incomplete,Pending Review,No,Rate mismatch,
FX0085,05/09/2025,05/10/2025,05:09:29,TDR325,JPMorgan,USD/JPY,Buy,USD,USD,JPY,1500000,11.0045,Cancelled,Forward,53:00.1,05/10/2025,PORT2,Required,Failed,Pending,Clear,Yes,Late booking,
FX0086,5/13/2025,5/18/2025,17:37:51,TDR867,HSBC,USD/CHF,Sell,CHF,USD,CHF,1500000,29.4277,Cancelled,Spot,,5/18/2025,PORT5,Required,Passed,Pending,Clear,Yes,,
FX0087,5/31/2025,06/03/2025,14:53:12,TDR769,BNP Paribas,USD/JPY,Buy,USD,USD,JPY,2000000,88.2519,Settled,Forward,53:00.1,06/03/2025,PORT4,Required,Failed,Complete,Flagged,Yes,,
FX0088,5/20/2025,5/23/2025,01:56:08,TDR437,Deutsche,EUR/USD,Buy,EUR,EUR,USD,1000000,70.2858,Settled,Forward,53:00.1,5/23/2025,PORT2,Required,Pending,Incomplete,Pending Review,No,Counterparty mismatch,
FX0089,5/31/2025,06/02/2025,05:29:11,TDR401,Deutsche,USD/JPY,Buy,USD,USD,JPY,1000000,73.4759,Settled,Swap,53:00.1,06/02/2025,PORT5,Filed,Pending,Complete,Flagged,No,Late booking,
FX0090,06/03/2025,06/06/2025,00:51:08,TDR867,Deutsche,USD/JPY,Sell,JPY,USD,JPY,500000,65.0008,Confirmed,Swap,53:00.1,06/06/2025,PORT1,Not required,Pending,Pending,Pending Review,No,Rate mismatch,
FX0091,06/02/2025,06/04/2025,09:45:27,TDR823,Citi,EUR/USD,Sell,USD,EUR,USD,2000000,141.3646,Confirmed,Swap,53:00.1,06/04/2025,PORT2,Filed,Passed,Pending,Flagged,No,Missing documentation,
FX0092,05/10/2025,5/13/2025,11:11:28,TDR274,Citi,AUD/USD,Sell,USD,AUD,USD,2000000,15.5694,Confirmed,Spot,,5/13/2025,PORT3,Required,Passed,Pending,Clear,Yes,Counterparty mismatch,
FX0093,5/24/2025,5/26/2025,03:36:40,TDR527,BNP Paribas,USD/JPY,Sell,JPY,USD,JPY,500000,38.6375,Confirmed,Forward,53:00.1,5/26/2025,PORT5,Not required,Failed,Incomplete,Pending Review,No,Counterparty mismatch,
FX0094,5/28/2025,5/29/2025,00:12:35,TDR990,Citi,GBP/USD,Sell,USD,GBP,USD,1500000,130.4619,Confirmed,Swap,53:00.1,5/29/2025,PORT2,Required,Pending,Complete,Clear,Yes,Counterparty mismatch,
FX0095,06/07/2025,06/11/2025,23:52:47,TDR222,Citi,USD/INR,Sell,INR,USD,INR,2000000,112.1645,Cancelled,Swap,53:00.1,06/11/2025,PORT5,Required,Failed,Pending,Pending Review,Yes,Late booking,
FX0096,06/05/2025,06/09/2025,01:11:57,TDR839,HSBC,USD/CHF,Buy,USD,USD,CHF,1500000,75.7905,Cancelled,Forward,53:00.1,06/09/2025,PORT1,Not required,Passed,Complete,Pending Review,No,Missing documentation,
FX0097,5/16/2025,5/18/2025,21:32:32,TDR228,BNP Paribas,GBP/USD,Buy,GBP,GBP,USD,2000000,150.5115,Cancelled,Swap,53:00.1,5/18/2025,PORT1,Required,Pending,Pending,Flagged,Yes,Late booking,
FX0098,06/07/2025,06/09/2025,21:19:05,TDR556,JPMorgan,EUR/USD,Buy,EUR,EUR,USD,2000000,10.592,Cancelled,Forward,53:00.1,06/09/2025,PORT4,Required,Passed,Pending,Pending Review,No,,
FX0099,5/27/2025,5/30/2025,14:34:55,TDR209,BNP Paribas,USD/JPY,Buy,USD,USD,JPY,500000,92.9767,Settled,Spot,,5/30/2025,PORT3,Required,Failed,Complete,Flagged,Yes,Counterparty mismatch,
FX0100,5/23/2025,5/25/2025,13:55:40,TDR489,HSBC,AUD/USD,Sell,USD,AUD,USD,1000000,109.1123,Settled,Forward,53:00.1,5/25/2025,PORT4,Not required,Passed,Complete,Pending Review,Yes,Counterparty mismatch,
FX0101,5/25/2025,5/26/2025,21:28:41,TDR665,Deutsche,GBP/USD,Sell,USD,GBP,USD,1500000,15.8097,Confirmed,Forward,53:00.1,5/26/2025,PORT4,Filed,Pending,Complete,Pending Review,No,,
FX0102,06/08/2025,06/10/2025,13:17:31,TDR105,HSBC,AUD/USD,Sell,USD,AUD,USD,2000000,154.8739,Settled,Spot,,06/10/2025,PORT2,Not required,Pending,Incomplete,Clear,No,,
FX0103,06/08/2025,06/10/2025,16:58:36,TDR350,HSBC,AUD/USD,Buy,AUD,AUD,USD,2000000,117.0494,Settled,Forward,53:00.1,06/10/2025,PORT3,Required,Pending,Pending,Pending Review,No,Counterparty mismatch,
FX0104,05/11/2025,5/13/2025,21:32:51,TDR432,BNP Paribas,EUR/USD,Buy,EUR,EUR,USD,500000,4.25,Booked,Forward,53:00.1,5/13/2025,PORT5,Required,Pending,Complete,Pending Review,No,Rate mismatch,
FX0105,5/20/2025,5/22/2025,14:38:08,TDR814,Citi,AUD/USD,Buy,AUD,AUD,USD,1500000,129.3169,Settled,Spot,,5/22/2025,PORT3,Filed,Failed,Complete,Clear,No,Rate mismatch,
FX0106,5/19/2025,5/24/2025,05:45:08,TDR865,BNP Paribas,EUR/USD,Buy,EUR,EUR,USD,2000000,53.3988,Cancelled,Forward,53:00.1,5/24/2025,PORT4,Required,Failed,Incomplete,Pending Review,No,,
FX0107,5/30/2025,06/01/2025,16:03:28,TDR828,JPMorgan,EUR/USD,Sell,USD,EUR,USD,1000000,90.8715,Cancelled,Forward,53:00.1,06/01/2025,PORT5,Not required,Passed,Complete,Clear,Yes,,
FX0108,5/15/2025,5/20/2025,23:34:55,TDR462,HSBC,USD/CHF,Sell,CHF,USD,CHF,500000,72.0339,Cancelled,Swap,53:00.1,5/20/2025,PORT5,Filed,Failed,Pending,Clear,No,Counterparty mismatch,
FX0109,05/10/2025,5/14/2025,02:56:11,TDR923,Citi,USD/INR,Buy,USD,USD,INR,500000,115.6473,Cancelled,Spot,,5/14/2025,PORT5,Filed,Failed,Complete,Flagged,Yes,Rate mismatch,
FX0110,5/25/2025,5/26/2025,15:16:10,TDR424,HSBC,GBP/USD,Buy,GBP,GBP,USD,1000000,149.9539,Confirmed,Swap,53:00.1,5/26/2025,PORT2,Required,Pending,Complete,Flagged,No,Missing documentation,
FX0111,5/28/2025,5/29/2025,15:24:16,TDR847,JPMorgan,EUR/USD,Sell,USD,EUR,USD,1500000,77.6377,Confirmed,Forward,53:00.1,5/29/2025,PORT4,Required,Failed,Complete,Clear,Yes,Missing documentation,
FX0112,06/07/2025,06/11/2025,12:48:35,TDR160,JPMorgan,USD/INR,Sell,INR,USD,INR,1000000,63.4492,Booked,Spot,,06/11/2025,PORT4,Not required,Pending,Complete,Flagged,No,Late booking,
FX0113,06/05/2025,06/09/2025,09:34:44,TDR959,BNP Paribas,USD/INR,Buy,USD,USD,INR,1000000,61.9766,Confirmed,Spot,,06/09/2025,PORT3,Not required,Failed,Complete,Pending Review,Yes,Counterparty mismatch,
FX0114,5/26/2025,5/27/2025,18:20:01,TDR366,Citi,USD/CHF,Buy,USD,USD,CHF,1000000,61.9642,Confirmed,Swap,53:00.1,5/27/2025,PORT4,Not required,Pending,Incomplete,Pending Review,Yes,Rate mismatch,
FX0115,5/30/2025,5/31/2025,11:44:10,TDR612,JPMorgan,GBP/USD,Buy,GBP,GBP,USD,500000,153.5006,Confirmed,Spot,,5/31/2025,PORT2,Required,Failed,Complete,Flagged,Yes,Rate mismatch,
FX0116,5/22/2025,5/23/2025,02:29:03,TDR162,Citi,GBP/USD,Buy,GBP,GBP,USD,1000000,119.7009,Cancelled,Swap,53:00.1,5/23/2025,PORT5,Filed,Failed,Complete,Flagged,No,Missing documentation,
FX0117,5/22/2025,5/23/2025,23:49:47,TDR312,Deutsche,USD/CHF,Buy,USD,USD,CHF,2000000,33.7548,Confirmed,Spot,,5/23/2025,PORT1,Not required,Failed,Incomplete,Pending Review,Yes,Missing documentation,
FX0118,06/01/2025,06/05/2025,17:34:23,TDR154,HSBC,GBP/USD,Sell,USD,GBP,USD,1000000,62.2202,Settled,Forward,53:00.1,06/05/2025,PORT3,Not required,Passed,Incomplete,Clear,Yes,,
FX0119,5/19/2025,5/22/2025,17:09:02,TDR966,Deutsche,EUR/USD,Buy,EUR,EUR,USD,500000,135.1751,Booked,Spot,,5/22/2025,PORT4,Not required,Passed,Incomplete,Clear,Yes,Rate mismatch,
FX0120,5/28/2025,06/01/2025,11:39:49,TDR869,HSBC,USD/INR,Buy,USD,USD,INR,1000000,89.0599,Settled,Spot,,06/01/2025,PORT1,Not required,Pending,Complete,Pending Review,Yes,,
FX0121,05/12/2025,5/16/2025,16:55:23,TDR245,JPMorgan,GBP/USD,Buy,GBP,GBP,USD,2000000,114.5438,Booked,Swap,53:00.1,5/16/2025,PORT3,Filed,Pending,Complete,Clear,No,Rate mismatch,
FX0122,06/02/2025,06/03/2025,18:26:10,TDR990,BNP Paribas,USD/CHF,Sell,CHF,USD,CHF,500000,84.2645,Cancelled,Swap,53:00.1,06/03/2025,PORT5,Required,Passed,Complete,Pending Review,Yes,Late booking,
FX0123,06/07/2025,06/08/2025,13:28:54,TDR578,JPMorgan,AUD/USD,Sell,USD,AUD,USD,2000000,48.02,Booked,Forward,53:00.1,06/08/2025,PORT2,Filed,Pending,Complete,Flagged,No,Late booking,
FX0124,5/18/2025,5/21/2025,06:44:38,TDR327,HSBC,USD/INR,Sell,INR,USD,INR,1500000,78.166,Cancelled,Forward,53:00.1,5/21/2025,PORT5,Filed,Failed,Pending,Flagged,No,Missing documentation,
FX0125,5/16/2025,5/21/2025,21:51:18,TDR155,Deutsche,USD/JPY,Buy,USD,USD,JPY,500000,41.0827,Confirmed,Forward,53:00.1,5/21/2025,PORT5,Filed,Pending,Incomplete,Flagged,Yes,Missing documentation,
FX0126,5/27/2025,5/28/2025,11:32:53,TDR280,JPMorgan,USD/INR,Sell,INR,USD,INR,2000000,22.801,Confirmed,Spot,,5/28/2025,PORT2,Required,Failed,Pending,Pending Review,No,Rate mismatch,
FX0127,5/30/2025,5/31/2025,17:32:55,TDR880,JPMorgan,AUD/USD,Sell,USD,AUD,USD,1000000,156.8115,Settled,Spot,,5/31/2025,PORT3,Not required,Failed,Complete,Pending Review,Yes,Rate mismatch,
FX0128,06/07/2025,06/09/2025,19:27:32,TDR472,JPMorgan,USD/JPY,Sell,JPY,USD,JPY,500000,154.1164,Cancelled,Swap,53:00.1,06/09/2025,PORT3,Not required,Failed,Complete,Flagged,Yes,Missing documentation,
FX0129,5/25/2025,5/27/2025,23:37:33,TDR535,Deutsche,EUR/USD,Sell,USD,EUR,USD,2000000,26.6672,Booked,Swap,53:00.1,5/27/2025,PORT1,Required,Passed,Pending,Clear,Yes,Counterparty mismatch,
FX0130,5/29/2025,06/02/2025,00:43:48,TDR681,Deutsche,AUD/USD,Buy,AUD,AUD,USD,500000,104.5671,Cancelled,Forward,53:00.1,06/02/2025,PORT2,Required,Failed,Pending,Clear,No,Counterparty mismatch,
FX0131,5/13/2025,5/14/2025,11:37:31,TDR854,BNP Paribas,USD/INR,Buy,USD,USD,INR,500000,28.3512,Cancelled,Swap,53:00.1,5/14/2025,PORT5,Filed,Passed,Pending,Flagged,Yes,Late booking,
FX0132,06/03/2025,06/04/2025,10:06:36,TDR885,HSBC,AUD/USD,Sell,USD,AUD,USD,500000,150.0007,Booked,Forward,53:00.1,06/04/2025,PORT2,Filed,Pending,Complete,Clear,No,Missing documentation,
FX0133,5/20/2025,5/25/2025,05:54:08,TDR283,JPMorgan,AUD/USD,Sell,USD,AUD,USD,1500000,13.4042,Confirmed,Spot,,5/25/2025,PORT1,Filed,Pending,Complete,Clear,No,Counterparty mismatch,
FX0134,05/09/2025,05/12/2025,10:24:25,TDR265,Citi,EUR/USD,Buy,EUR,EUR,USD,2000000,56.792,Cancelled,Spot,,05/12/2025,PORT1,Filed,Passed,Pending,Flagged,Yes,,
FX0135,5/22/2025,5/27/2025,06:17:42,TDR322,BNP Paribas,EUR/USD,Buy,EUR,EUR,USD,500000,2.7272,Settled,Spot,,5/27/2025,PORT1,Filed,Pending,Complete,Flagged,Yes,Missing documentation,
FX0136,5/31/2025,06/05/2025,16:55:20,TDR874,HSBC,AUD/USD,Sell,USD,AUD,USD,1000000,152.5682,Cancelled,Forward,53:00.1,06/05/2025,PORT4,Required,Passed,Complete,Clear,Yes,,
FX0137,5/15/2025,5/16/2025,13:01:52,TDR523,Deutsche,USD/INR,Buy,USD,USD,INR,2000000,141.8269,Cancelled,Forward,53:00.1,5/16/2025,PORT4,Filed,Pending,Complete,Clear,Yes,,
FX0138,5/23/2025,5/24/2025,05:53:38,TDR274,Citi,USD/CHF,Sell,CHF,USD,CHF,500000,6.1401,Cancelled,Spot,,5/24/2025,PORT3,Required,Failed,Complete,Clear,No,Missing documentation,
FX0139,5/13/2025,5/15/2025,00:33:39,TDR782,BNP Paribas,USD/JPY,Buy,USD,USD,JPY,500000,115.9619,Settled,Swap,53:00.1,5/15/2025,PORT3,Required,Pending,Complete,Clear,Yes,Rate mismatch,
FX0140,5/22/2025,5/25/2025,00:26:12,TDR900,HSBC,GBP/USD,Buy,GBP,GBP,USD,1000000,23.0587,Settled,Swap,53:00.1,5/25/2025,PORT2,Not required,Failed,Incomplete,Pending Review,No,Late booking,
FX0141,05/09/2025,05/12/2025,17:13:30,TDR441,JPMorgan,AUD/USD,Buy,AUD,AUD,USD,1500000,112.3898,Cancelled,Spot,,05/12/2025,PORT4,Required,Passed,Complete,Pending Review,Yes,Missing documentation,
FX0142,5/19/2025,5/23/2025,05:11:17,TDR579,HSBC,USD/JPY,Buy,USD,USD,JPY,1000000,94.8046,Cancelled,Swap,53:00.1,5/23/2025,PORT5,Not required,Failed,Complete,Clear,No,Missing documentation,
FX0143,05/11/2025,5/15/2025,19:09:08,TDR604,Deutsche,GBP/USD,Buy,GBP,GBP,USD,1000000,146.2608,Booked,Forward,53:00.1,5/15/2025,PORT2,Not required,Failed,Complete,Pending Review,Yes,Late booking,
FX0144,06/07/2025,06/10/2025,06:42:22,TDR613,HSBC,AUD/USD,Buy,AUD,AUD,USD,500000,54.7119,Cancelled,Forward,53:00.1,06/10/2025,PORT2,Not required,Passed,Complete,Flagged,Yes,Counterparty mismatch,
FX0145,06/04/2025,06/08/2025,08:58:26,TDR859,Deutsche,USD/INR,Buy,USD,USD,INR,1500000,117.581,Confirmed,Forward,53:00.1,06/08/2025,PORT5,Filed,Failed,Incomplete,Flagged,No,Rate mismatch,
FX0146,5/14/2025,5/19/2025,07:58:59,TDR720,Deutsche,EUR/USD,Sell,USD,EUR,USD,1500000,3.2646,Settled,Swap,53:00.1,5/19/2025,PORT5,Required,Failed,Pending,Flagged,No,,
FX0147,06/02/2025,06/07/2025,23:01:25,TDR544,JPMorgan,EUR/USD,Sell,USD,EUR,USD,500000,93.9376,Confirmed,Spot,,06/07/2025,PORT2,Required,Pending,Pending,Clear,Yes,Rate mismatch,
FX0148,5/27/2025,5/29/2025,09:34:54,TDR154,JPMorgan,USD/JPY,Sell,JPY,USD,JPY,1000000,22.345,Settled,Forward,53:00.1,5/29/2025,PORT2,Not required,Pending,Complete,Flagged,Yes,Rate mismatch,
FX0149,5/23/2025,5/27/2025,08:08:41,TDR579,JPMorgan,EUR/USD,Buy,EUR,EUR,USD,1000000,90.1078,Cancelled,Spot,,5/27/2025,PORT2,Filed,Pending,Complete,Clear,Yes,Rate mismatch,
FX0150,5/17/2025,5/22/2025,06:12:02,TDR330,BNP Paribas,AUD/USD,Buy,AUD,AUD,USD,500000,91.6885,Cancelled,Spot,,5/22/2025,PORT3,Filed,Failed,Complete,Clear,No,,
FX0151,5/30/2025,06/02/2025,02:43:11,TDR615,Deutsche,USD/JPY,Buy,USD,USD,JPY,1000000,59.9372,Booked,Forward,53:00.1,06/02/2025,PORT1,Not required,Pending,Complete,Pending Review,No,,
FX0152,06/06/2025,06/10/2025,04:38:50,TDR459,Citi,EUR/USD,Buy,EUR,EUR,USD,500000,146.4545,Cancelled,Swap,53:00.1,06/10/2025,PORT3,Required,Passed,Pending,Pending Review,Yes,Missing documentation,
FX0153,5/29/2025,5/30/2025,20:31:55,TDR638,HSBC,EUR/USD,Sell,USD,EUR,USD,2000000,153.8451,Cancelled,Swap,53:00.1,5/30/2025,PORT2,Required,Failed,Incomplete,Clear,No,Counterparty mismatch,
FX0154,5/24/2025,5/25/2025,18:43:30,TDR602,HSBC,GBP/USD,Sell,USD,GBP,USD,2000000,34.3805,Cancelled,Spot,,5/25/2025,PORT2,Not required,Pending,Complete,Flagged,No,Rate mismatch,
FX0155,5/31/2025,06/05/2025,01:39:42,TDR413,Citi,AUD/USD,Buy,AUD,AUD,USD,500000,64.4062,Confirmed,Swap,53:00.1,06/05/2025,PORT3,Filed,Pending,Complete,Pending Review,No,Counterparty mismatch,
FX0156,05/12/2025,5/15/2025,20:34:21,TDR748,Citi,EUR/USD,Sell,USD,EUR,USD,500000,31.4324,Booked,Forward,53:00.1,5/15/2025,PORT4,Not required,Failed,Pending,Clear,No,Late booking,
FX0157,5/31/2025,06/02/2025,13:39:06,TDR258,JPMorgan,USD/JPY,Buy,USD,USD,JPY,2000000,22.4604,Confirmed,Spot,,06/02/2025,PORT5,Required,Passed,Complete,Clear,Yes,Rate mismatch,
FX0158,06/04/2025,06/07/2025,17:18:09,TDR409,Deutsche,AUD/USD,Sell,USD,AUD,USD,1000000,109.0013,Settled,Forward,53:00.1,06/07/2025,PORT5,Filed,Pending,Pending,Clear,No,Missing documentation,
FX0159,5/24/2025,5/29/2025,12:35:24,TDR311,Citi,USD/CHF,Buy,USD,USD,CHF,1000000,0.7049,Confirmed,Spot,,5/29/2025,PORT3,Filed,Pending,Pending,Flagged,No,Late booking,
FX0160,5/27/2025,5/31/2025,03:35:27,TDR255,BNP Paribas,USD/CHF,Buy,USD,USD,CHF,2000000,71.9369,Cancelled,Spot,,5/31/2025,PORT3,Required,Pending,Incomplete,Flagged,No,Missing documentation,
FX0161,05/09/2025,5/14/2025,03:38:12,TDR727,JPMorgan,USD/INR,Sell,INR,USD,INR,1500000,10.2433,Cancelled,Forward,53:00.1,5/14/2025,PORT3,Required,Failed,Pending,Clear,No,,
FX0162,5/19/2025,5/23/2025,01:18:21,TDR871,Citi,USD/INR,Sell,INR,USD,INR,1500000,21.1986,Confirmed,Spot,,5/23/2025,PORT1,Not required,Pending,Complete,Pending Review,Yes,Late booking,
FX0163,5/17/2025,5/20/2025,13:21:20,TDR807,BNP Paribas,AUD/USD,Buy,AUD,AUD,USD,1500000,38.9907,Booked,Spot,,5/20/2025,PORT3,Filed,Passed,Incomplete,Flagged,No,Counterparty mismatch,
FX0164,06/05/2025,06/07/2025,20:28:09,TDR938,Deutsche,USD/JPY,Buy,USD,USD,JPY,2000000,44.7166,Settled,Forward,53:00.1,06/07/2025,PORT4,Not required,Failed,Complete,Flagged,Yes,Rate mismatch,
FX0165,5/31/2025,06/02/2025,09:31:17,TDR849,Citi,EUR/USD,Buy,EUR,EUR,USD,2000000,108.0384,Cancelled,Swap,53:00.1,06/02/2025,PORT5,Filed,Pending,Pending,Flagged,Yes,,
FX0166,05/09/2025,5/13/2025,15:10:43,TDR914,JPMorgan,USD/INR,Sell,INR,USD,INR,500000,102.0327,Settled,Spot,,5/13/2025,PORT3,Required,Pending,Incomplete,Flagged,No,Late booking,
FX0167,5/29/2025,5/30/2025,01:23:33,TDR652,Deutsche,EUR/USD,Sell,USD,EUR,USD,500000,71.9641,Settled,Forward,53:00.1,5/30/2025,PORT3,Filed,Passed,Incomplete,Clear,No,Late booking,
FX0168,5/17/2025,5/20/2025,22:08:27,TDR999,Deutsche,EUR/USD,Sell,USD,EUR,USD,1500000,60.815,Booked,Forward,53:00.1,5/20/2025,PORT3,Not required,Pending,Incomplete,Clear,Yes,Counterparty mismatch,
FX0169,5/18/2025,5/23/2025,17:20:11,TDR988,Citi,USD/JPY,Buy,USD,USD,JPY,1000000,118.8315,Cancelled,Swap,53:00.1,5/23/2025,PORT1,Not required,Passed,Incomplete,Pending Review,Yes,Counterparty mismatch,
FX0170,5/30/2025,06/01/2025,10:18:41,TDR191,Deutsche,EUR/USD,Sell,USD,EUR,USD,2000000,114.1999,Cancelled,Spot,,06/01/2025,PORT2,Not required,Passed,Complete,Pending Review,Yes,Rate mismatch,
FX0171,5/23/2025,5/26/2025,10:00:12,TDR941,Deutsche,USD/CHF,Buy,USD,USD,CHF,2000000,39.5601,Booked,Swap,53:00.1,5/26/2025,PORT4,Required,Passed,Complete,Flagged,No,Late booking,
FX0172,5/23/2025,5/25/2025,10:36:31,TDR749,BNP Paribas,EUR/USD,Sell,USD,EUR,USD,1000000,101.9242,Confirmed,Swap,53:00.1,5/25/2025,PORT4,Not required,Passed,Pending,Flagged,Yes,Rate mismatch,
FX0173,06/01/2025,06/03/2025,16:47:06,TDR639,JPMorgan,GBP/USD,Sell,USD,GBP,USD,1000000,21.805,Booked,Spot,,06/03/2025,PORT4,Required,Failed,Pending,Flagged,Yes,Missing documentation,
FX0174,5/27/2025,5/31/2025,19:30:09,TDR546,BNP Paribas,USD/CHF,Buy,USD,USD,CHF,500000,25.6302,Cancelled,Spot,,5/31/2025,PORT1,Filed,Failed,Complete,Pending Review,No,Counterparty mismatch,
FX0175,05/12/2025,5/13/2025,06:47:10,TDR509,Citi,AUD/USD,Buy,AUD,AUD,USD,1000000,138.2037,Settled,Swap,53:00.1,5/13/2025,PORT5,Required,Passed,Pending,Clear,Yes,Counterparty mismatch,
FX0176,5/15/2025,5/16/2025,03:54:55,TDR247,Citi,GBP/USD,Buy,GBP,GBP,USD,2000000,130.9322,Booked,Forward,53:00.1,5/16/2025,PORT5,Filed,Failed,Incomplete,Clear,Yes,Rate mismatch,
FX0177,5/14/2025,5/19/2025,08:32:12,TDR106,JPMorgan,AUD/USD,Buy,AUD,AUD,USD,2000000,106.0102,Confirmed,Spot,,5/19/2025,PORT2,Not required,Pending,Complete,Pending Review,No,Missing documentation,
FX0178,5/26/2025,5/27/2025,12:56:39,TDR605,BNP Paribas,USD/INR,Buy,USD,USD,INR,500000,146.0811,Booked,Forward,53:00.1,5/27/2025,PORT1,Not required,Pending,Complete,Pending Review,No,Missing documentation,
FX0179,5/31/2025,06/04/2025,21:14:40,TDR560,HSBC,USD/INR,Buy,USD,USD,INR,2000000,137.9904,Cancelled,Swap,53:00.1,06/04/2025,PORT3,Filed,Passed,Pending,Flagged,No,,
FX0180,5/29/2025,5/31/2025,10:51:26,TDR572,JPMorgan,AUD/USD,Buy,AUD,AUD,USD,2000000,53.0313,Cancelled,Swap,53:00.1,5/31/2025,PORT4,Not required,Passed,Incomplete,Flagged,No,Rate mismatch,
FX0181,05/12/2025,5/17/2025,07:56:54,TDR564,JPMorgan,USD/INR,Sell,INR,USD,INR,1000000,85.3911,Booked,Spot,,5/17/2025,PORT5,Required,Passed,Pending,Pending Review,No,Counterparty mismatch,
FX0182,06/07/2025,06/11/2025,00:58:12,TDR489,Deutsche,AUD/USD,Sell,USD,AUD,USD,500000,104.7714,Booked,Swap,53:00.1,06/11/2025,PORT5,Filed,Failed,Complete,Flagged,No,Counterparty mismatch,
FX0183,06/07/2025,06/12/2025,04:29:22,TDR183,HSBC,USD/CHF,Buy,USD,USD,CHF,500000,105.1049,Settled,Swap,53:00.1,06/12/2025,PORT5,Filed,Failed,Pending,Pending Review,Yes,Counterparty mismatch,
FX0184,5/30/2025,5/31/2025,08:18:22,TDR193,BNP Paribas,USD/JPY,Sell,JPY,USD,JPY,1000000,15.7761,Booked,Spot,,5/31/2025,PORT4,Filed,Passed,Incomplete,Flagged,No,Counterparty mismatch,
FX0185,5/31/2025,06/05/2025,04:14:56,TDR893,Citi,USD/CHF,Buy,USD,USD,CHF,500000,61.4744,Cancelled,Spot,,06/05/2025,PORT4,Required,Pending,Complete,Pending Review,Yes,Counterparty mismatch,
FX0186,05/12/2025,5/17/2025,21:33:59,TDR364,Citi,USD/JPY,Buy,USD,USD,JPY,2000000,50.3665,Settled,Forward,53:00.1,5/17/2025,PORT1,Filed,Passed,Complete,Clear,No,Rate mismatch,
FX0187,5/18/2025,5/23/2025,18:24:48,TDR184,JPMorgan,AUD/USD,Sell,USD,AUD,USD,1500000,75.8893,Cancelled,Spot,,5/23/2025,PORT2,Filed,Passed,Incomplete,Pending Review,Yes,Rate mismatch,
FX0188,5/18/2025,5/22/2025,08:39:41,TDR410,BNP Paribas,GBP/USD,Sell,USD,GBP,USD,1000000,118.5396,Cancelled,Swap,53:00.1,5/22/2025,PORT4,Required,Failed,Pending,Pending Review,No,Late booking,
FX0189,05/12/2025,5/17/2025,08:47:21,TDR108,BNP Paribas,EUR/USD,Sell,USD,EUR,USD,2000000,157.2672,Cancelled,Swap,53:00.1,5/17/2025,PORT1,Required,Passed,Complete,Clear,Yes,Late booking,
FX0190,05/12/2025,5/17/2025,23:58:58,TDR562,Citi,USD/INR,Sell,INR,USD,INR,1000000,53.3532,Booked,Forward,53:00.1,5/17/2025,PORT3,Required,Failed,Pending,Pending Review,No,Late booking,
FX0191,5/18/2025,5/21/2025,03:42:13,TDR199,JPMorgan,GBP/USD,Buy,GBP,GBP,USD,2000000,139.3245,Cancelled,Spot,,5/21/2025,PORT3,Filed,Failed,Incomplete,Clear,Yes,Counterparty mismatch,
FX0192,5/22/2025,5/25/2025,07:45:30,TDR630,HSBC,GBP/USD,Buy,GBP,GBP,USD,500000,78.2541,Settled,Spot,,5/25/2025,PORT2,Not required,Failed,Incomplete,Clear,Yes,,
FX0193,5/27/2025,06/01/2025,00:10:19,TDR292,Deutsche,USD/INR,Sell,INR,USD,INR,1000000,58.7342,Booked,Spot,,06/01/2025,PORT5,Required,Pending,Incomplete,Flagged,Yes,Counterparty mismatch,
FX0194,5/20/2025,5/25/2025,07:48:18,TDR927,JPMorgan,GBP/USD,Sell,USD,GBP,USD,2000000,48.5263,Settled,Swap,53:00.1,5/25/2025,PORT2,Not required,Passed,Complete,Pending Review,Yes,Rate mismatch,
FX0195,5/18/2025,5/22/2025,00:34:45,TDR312,JPMorgan,USD/CHF,Sell,CHF,USD,CHF,500000,139.3,Booked,Spot,,5/22/2025,PORT4,Filed,Failed,Pending,Clear,Yes,Missing documentation,
FX0196,5/26/2025,5/31/2025,23:17:59,TDR741,HSBC,USD/CHF,Buy,USD,USD,CHF,2000000,61.1978,Confirmed,Swap,53:00.1,5/31/2025,PORT2,Filed,Passed,Pending,Flagged,Yes,Rate mismatch,
FX0197,5/15/2025,5/19/2025,11:56:38,TDR158,HSBC,USD/INR,Sell,INR,USD,INR,1000000,38.7406,Confirmed,Forward,53:00.1,5/19/2025,PORT1,Not required,Failed,Pending,Pending Review,No,Rate mismatch,
FX0198,5/22/2025,5/24/2025,09:39:59,TDR830,HSBC,USD/JPY,Buy,USD,USD,JPY,1000000,153.0516,Confirmed,Forward,53:00.1,5/24/2025,PORT5,Filed,Failed,Incomplete,Flagged,Yes,Counterparty mismatch,
FX0199,5/17/2025,5/20/2025,06:36:14,TDR978,JPMorgan,EUR/USD,Sell,USD,EUR,USD,500000,92.7164,Cancelled,Swap,53:00.1,5/20/2025,PORT1,Not required,Pending,Incomplete,Pending Review,No,Late booking,
FX0200,05/10/2025,5/13/2025,07:36:10,TDR862,JPMorgan,USD/JPY,Buy,USD,USD,JPY,1000000,99.8987,Confirmed,Spot,,5/13/2025,PORT1,Not required,Pending,Incomplete,Pending Review,No,Rate mismatch,
